<?xml version="1.0" encoding="UTF-8"?>
<Configuration status="WARN">

    <Properties>
            <Property name="log-path">logs</Property>

        <!-- <Property name="LOG_PATTERN">%d{yyyy-MM-dd HH:mm:ss} %-5p %c{1}:%L - %m%n</Property>
        <Property name="APP_LOG_ROOT">C:/logs</Property> -->
    </Properties> 

    <Appenders>
        <!-- Console Appender (optional) -->
        <Console name="ConsoleAppender" target="SYSTEM_OUT" >
                    <PatternLayout pattern="%d{yyyy-MM-dd HH:mm:ss} [%t] %-5level %logger{36} - %msg%n"/>

            <!-- <PatternLayout pattern="${LOG_PATTERN}" /> -->
            <!-- pattern="%d{yyyy-MM-dd HH:mm:ss} %-5p %c{1}:%L - %m%n"/> -->
                    <!-- pattern="%style{%d{ISO8601}} %highlight{%-5level }[%style{%t}{bright,blue}] %style{%C{10}}{bright,yellow}: %msg%n%throwable" /> -->
                    <!-- pattern="event:{%style{%d{ISO8601}} %highlight{%-5level }[%style{%t}{bright,blue}] %style{%C{10}}{bright,yellow}: %msg%n%throwable}" /> -->
        </Console>

        <!-- <RollingFile name="appLog"
                     fileName="${APP_LOG_ROOT}/application.log"
                     filePattern="${APP_LOG_ROOT}/application-%d{yyyy-MM-dd}-%i.log">
            <PatternLayout pattern="${LOG_PATTERN}" />
            <Policies>
                <SizeBasedTriggeringPolicy size="19500KB" />
            </Policies>
            <DefaultRolloverStrategy max="1" />
        </RollingFile> -->

        <!-- <RollingFile name="FileAppender" fileName="${log-path}/app.log"
                     filePattern="${log-path}/app-%d{yyyy-MM-dd}-%i.log">
            <PatternLayout pattern="%d{yyyy-MM-dd HH:mm:ss} [%t] %-5level %logger{36} - %msg%n"/>
            <Policies>
                <TimeBasedTriggeringPolicy interval="1" modulate="true"/>
                <SizeBasedTriggeringPolicy size="10 MB"/>
            </Policies>
        </RollingFile> -->
        
        <!-- Splunk HTTP Event Collector appender for local Splunk -->
        <SplunkHttp
            name="splunkhttp"
            url="http://localhost:8088"
            token="09e1f633-0299-46db-92f3-acc7ff339759"
            host="localhost"
            index="user_api_dev"
            type="raw"
            source="http-event-logs"
            sourcetype="log4j"
            messageFormat="text"
            disableCertificateValidation="true">
            <PatternLayout pattern="%m" />
        </SplunkHttp>

    </Appenders>

    <Loggers>
        <!-- <Logger name="com.example.demo" additivity="false" level="info">
            <AppenderRef ref="ConsoleAppender" />
            <AppenderRef ref="appLog" />
        </Logger> -->
        
        <!-- LOG everything at INFO level -->
        <Root level="info">
            <!-- <AppenderRef ref="ConsoleAppender" />
            <AppenderRef ref="FileAppender"/> -->
            <AppenderRef ref="splunkhttp"/>
        </Root>
    </Loggers>
</Configuration>