{
	"info": {
		"_postman_id": "c45105a9-2ee5-4a4c-94eb-e21ee0e606b4",
		"name": "Udacity",
		"schema": "https://schema.getpostman.com/json/collection/v2.0.0/collection.json",
		"_exporter_id": "37743420"
	},
	"item": [
		{
			"name": "Create User",
			"request": {
				"method": "POST",
				"header": [],
				"body": {
					"mode": "raw",
					"raw": "{\r\n    \"username\":\"test\"\r\n}",
					"options": {
						"raw": {
							"language": "json"
						}
					}
				},
				"url": "http://localhost:8080/api/user/create"
			},
			"response": []
		},
		{
			"name": "Get User By ID",
			"request": {
				"method": "GET",
				"header": [],
				"url": "http://localhost:8080/api/user/id/1"
			},
			"response": []
		},
		{
			"name": "Get User By Name",
			"request": {
				"method": "GET",
				"header": [],
				"url": "http://localhost:8080/api/user/Sareeta"
			},
			"response": []
		},
		{
			"name": "Add To Cart",
			"request": {
				"method": "POST",
				"header": [],
				"body": {
					"mode": "raw",
					"raw": "{\r\n    \"username\": \"Sareeta\",\r\n    \"itemId\": 1,\r\n    \"quantity\": 1\r\n}",
					"options": {
						"raw": {
							"language": "json"
						}
					}
				},
				"url": "http://localhost:8080/api/cart/addToCart"
			},
			"response": []
		},
		{
			"name": "Submit Order By User",
			"request": {
				"method": "POST",
				"header": [],
				"body": {
					"mode": "raw",
					"raw": "",
					"options": {
						"raw": {
							"language": "json"
						}
					}
				},
				"url": "http://localhost:8080/api/order/submit/Sareeta"
			},
			"response": []
		},
		{
			"name": "User Login",
			"request": {
				"method": "POST",
				"header": [],
				"body": {
					"mode": "raw",
					"raw": "{\r\n    \"username\":\"test\",\r\n    \"password\":\"somepassword\"\r\n}",
					"options": {
						"raw": {
							"language": "json"
						}
					}
				},
				"url": "http://localhost:8080/login"
			},
			"response": []
		}
	]
}